Well,Sample Name,Detector,Task,Ct,Ct_mean,Sd_Ct,Qty,Qty_mean,Sd_Qty,Date,Operator,Cycler,Parasite,Sample_type,Feces_weight,Qubit,NanoDrop,Extraction,Beads_weight,Tm,Oocyst_1,Oocyst_2,Oocyst_3,Oocyst_4,Oocyst_5,Oocyst_6,Oocyst_7,Oocyst_8,Oocyst_count,Sporulated,Dilution_factor,Volume,Strain
A4,EfL_1,Eimeria,Unknown,14.56,14.12,0.387,1240000,1710000,427754.847,80720,Victor,ABI,E_falciformis,Oocysts,,9.36,13.7,Ceramic_beads,,73.5,80,83,58,60,67,55,75,76,,140,1,0.75,Bayer-Haberkorn
A5,EfL_1,Eimeria,Unknown,13.99,14.12,0.387,1830000,1710000,427754.847,80720,Victor,ABI,E_falciformis,Oocysts,,9.36,13.7,Ceramic_beads,,73.5,80,83,58,60,67,55,75,76,,140,1,0.75,Bayer-Haberkorn
A6,EfL_1,Eimeria,Unknown,13.82,14.12,0.387,2070000,1710000,427754.847,80720,Victor,ABI,E_falciformis,Oocysts,,9.36,13.7,Ceramic_beads,,73.5,80,83,58,60,67,55,75,76,,140,1,0.75,Bayer-Haberkorn
A7,Ef88_1,Eimeria,Unknown,16.04,15.58,0.41,443164,625707.52,164348.599,80720,Victor,ABI,E_falciformis,Oocysts,,1.19,1.8,Ceramic_beads,,73.7,11,14,22,13,17,15,22,17,,33,1,0.75,E88
A8,Ef88_1,Eimeria,Unknown,15.44,15.58,0.41,672047.56,625707.52,164348.599,80720,Victor,ABI,E_falciformis,Oocysts,,1.19,1.8,Ceramic_beads,,73.5,11,14,22,13,17,15,22,17,,33,1,0.75,E88
A9,Ef88_1,Eimeria,Unknown,15.26,15.58,0.41,761911,625707.52,164348.599,80720,Victor,ABI,E_falciformis,Oocysts,,1.19,1.8,Ceramic_beads,,73.5,11,14,22,13,17,15,22,17,,33,1,0.75,E88
B4,EfL_2,Eimeria,Unknown,21.35,19.39,1.802,11259.34,66322.25,60610.668,80720,Victor,ABI,E_falciformis,Oocysts,,2.2,3.2,Ceramic_beads,,74.2,1,1,2,2,1,1,1,1,,1,1,0.75,Bayer-Haberkorn
B5,EfL_2,Eimeria,Unknown,19.02,19.39,1.802,56441,66322.25,60610.668,80720,Victor,ABI,E_falciformis,Oocysts,,2.2,3.2,Ceramic_beads,,74,1,1,2,2,1,1,1,1,,1,1,0.75,Bayer-Haberkorn
B6,EfL_2,Eimeria,Unknown,17.8,19.39,1.802,131266.41,66322.25,60610.668,80720,Victor,ABI,E_falciformis,Oocysts,,2.2,3.2,Ceramic_beads,,74,1,1,2,2,1,1,1,1,,1,1,0.75,Bayer-Haberkorn
B7,Ef88_2,Eimeria,Unknown,18.15,16.85,1.442,102559.51,350938.76,340001.388,80720,Victor,ABI,E_falciformis,Oocysts,,3.71,6.1,Ceramic_beads,,74,11,10,11,4,7,8,6,3,,5,1,0.75,E88
B8,Ef88_2,Eimeria,Unknown,17.11,16.85,1.442,211819.16,350938.76,340001.388,80720,Victor,ABI,E_falciformis,Oocysts,,3.71,6.1,Ceramic_beads,,73.7,11,10,11,4,7,8,6,3,,5,1,0.75,E88
B9,Ef88_2,Eimeria,Unknown,15.3,16.85,1.442,738437.63,350938.76,340001.388,80720,Victor,ABI,E_falciformis,Oocysts,,3.71,6.1,Ceramic_beads,,73.7,11,10,11,4,7,8,6,3,,5,1,0.75,E88
C4,EfL_3,Eimeria,Unknown,23.76,21.74,1.911,2111.68,13849.2,13964.713,80720,Victor,ABI,E_falciformis,Oocysts,,2.58,4,Ceramic_beads,,74.4,0,1,3,1,1,1,1,2,,0,1,0.75,Bayer-Haberkorn
C5,EfL_3,Eimeria,Unknown,21.5,21.74,1.911,10142.67,13849.2,13964.713,80720,Victor,ABI,E_falciformis,Oocysts,,2.58,4,Ceramic_beads,,74.2,0,1,3,1,1,1,1,2,,0,1,0.75,Bayer-Haberkorn
C6,EfL_3,Eimeria,Unknown,19.96,21.74,1.911,29293.25,13849.2,13964.713,80720,Victor,ABI,E_falciformis,Oocysts,,2.58,4,Ceramic_beads,,74.2,0,1,3,1,1,1,1,2,,0,1,0.75,Bayer-Haberkorn
C7,Ef88_3,Eimeria,Unknown,17.36,16.41,1.239,177493.58,443062.18,399471.098,80720,Victor,ABI,E_falciformis,Oocysts,,2.79,3.2,Ceramic_beads,,74.2,22,20,20,15,11,18,16,15,,12,1,0.75,E88
C8,Ef88_3,Eimeria,Unknown,16.87,16.41,1.239,249224.16,443062.18,399471.098,80720,Victor,ABI,E_falciformis,Oocysts,,2.79,3.2,Ceramic_beads,,74,22,20,20,15,11,18,16,15,,12,1,0.75,E88
C9,Ef88_3,Eimeria,Unknown,15.01,16.41,1.239,902468.81,443062.18,399471.098,80720,Victor,ABI,E_falciformis,Oocysts,,2.79,3.2,Ceramic_beads,,74,22,20,20,15,11,18,16,15,,12,1,0.75,E88
D4,EfL_4,Eimeria,Unknown,19.3,17.58,1.706,46564.63,231387,233872.875,80720,Victor,ABI,E_falciformis,Oocysts,,2.96,2.12,Ceramic_beads,,74.4,7,7,6,4,5,6,7,8,,5,1,0.75,Bayer-Haberkorn
D5,EfL_4,Eimeria,Unknown,17.57,17.58,1.706,153278.27,231387,233872.875,80720,Victor,ABI,E_falciformis,Oocysts,,2.96,2.12,Ceramic_beads,,74.2,7,7,6,4,5,6,7,8,,5,1,0.75,Bayer-Haberkorn
D6,EfL_4,Eimeria,Unknown,15.88,17.58,1.706,494318.09,231387,233872.875,80720,Victor,ABI,E_falciformis,Oocysts,,2.96,2.12,Ceramic_beads,,74.2,7,7,6,4,5,6,7,8,,5,1,0.75,Bayer-Haberkorn
D7,Ef88_4,Eimeria,Unknown,19.47,18.1,1.59,41392.9,160360.14,171708.86,80720,Victor,ABI,E_falciformis,Oocysts,,2.56,4.9,Ceramic_beads,,74.2,3,3,6,5,3,1,6,2,,15,1,0.75,E88
D8,Ef88_4,Eimeria,Unknown,18.47,18.1,1.59,82479.16,160360.14,171708.86,80720,Victor,ABI,E_falciformis,Oocysts,,2.56,4.9,Ceramic_beads,,74,3,3,6,5,3,1,6,2,,15,1,0.75,E88
D9,Ef88_4,Eimeria,Unknown,16.35,18.1,1.59,357208.34,160360.14,171708.86,80720,Victor,ABI,E_falciformis,Oocysts,,2.56,4.9,Ceramic_beads,,74,3,3,6,5,3,1,6,2,,15,1,0.75,E88
E4,EfL_5,Eimeria,Unknown,15.3,14.47,0.806,742709.75,1460000,764667.791,80720,Victor,ABI,E_falciformis,Oocysts,,0.528,0.3,Ceramic_beads,,74.2,173,166,165,134,161,168,147,147,,252,1,0.5,Bayer-Haberkorn
E5,EfL_5,Eimeria,Unknown,14.41,14.47,0.806,1370000,1460000,764667.791,80720,Victor,ABI,E_falciformis,Oocysts,,0.528,0.3,Ceramic_beads,,74.2,173,166,165,134,161,168,147,147,,252,1,0.5,Bayer-Haberkorn
E6,EfL_5,Eimeria,Unknown,13.69,14.47,0.806,2260000,1460000,764667.791,80720,Victor,ABI,E_falciformis,Oocysts,,0.528,0.3,Ceramic_beads,,74,173,166,165,134,161,168,147,147,,252,1,0.5,Bayer-Haberkorn
E7,Ef88_5,Eimeria,Unknown,14.22,13.67,0.629,1560000,2440000,1100000,80720,Victor,ABI,E_falciformis,Oocysts,,8.2,5.61,Ceramic_beads,,74.2,337,326,351,399,380,330,362,391,,719,1,0.5,E88
E8,Ef88_5,Eimeria,Unknown,13.81,13.67,0.629,2080000,2440000,1100000,80720,Victor,ABI,E_falciformis,Oocysts,,8.2,5.61,Ceramic_beads,,74.2,337,326,351,399,380,330,362,391,,719,1,0.5,E88
E9,Ef88_5,Eimeria,Unknown,12.99,13.67,0.629,3680000,2440000,1100000,80720,Victor,ABI,E_falciformis,Oocysts,,8.2,5.61,Ceramic_beads,,74,337,326,351,399,380,330,362,391,,719,1,0.5,E88
F4,EfL_6,Eimeria,Unknown,14.98,14.3,0.633,924995.56,1570000,638742.457,80720,Victor,ABI,E_falciformis,Oocysts,,0.517,1.9,Ceramic_beads,,74.2,193,199,178,187,246,213,187,197,,160,1,0.5,Bayer-Haberkorn
F5,EfL_6,Eimeria,Unknown,14.19,14.3,0.633,1600000,1570000,638742.457,80720,Victor,ABI,E_falciformis,Oocysts,,0.517,1.9,Ceramic_beads,,74,193,199,178,187,246,213,187,197,,160,1,0.5,Bayer-Haberkorn
F6,EfL_6,Eimeria,Unknown,13.73,14.3,0.633,2200000,1570000,638742.457,80720,Victor,ABI,E_falciformis,Oocysts,,0.517,1.9,Ceramic_beads,,74,193,199,178,187,246,213,187,197,,160,1,0.5,Bayer-Haberkorn
F7,Efe64,Eimeria,Unknown,19.1,17.65,1.615,53385.21,218882.55,233068.651,80720,Victor,ABI,E_ferrisi,Oocysts,,0.675,0.7,Ceramic_beads,,74.9,13,10,16,16,12,11,10,13,,76,1,0.75,E64
F8,Efe64,Eimeria,Unknown,17.95,17.65,1.615,117840.66,218882.55,233068.651,80720,Victor,ABI,E_ferrisi,Oocysts,,0.675,0.7,Ceramic_beads,,74.9,13,10,16,16,12,11,10,13,,76,1,0.75,E64
F9,Efe64,Eimeria,Unknown,15.91,17.65,1.615,485421.78,218882.55,233068.651,80720,Victor,ABI,E_ferrisi,Oocysts,,0.675,0.7,Ceramic_beads,,74.6,13,10,16,16,12,11,10,13,,76,1,0.75,E64
G4,EfL_7,Eimeria,Unknown,14.75,14.29,0.409,1080000,1530000,399568.402,80720,Victor,ABI,E_falciformis,Oocysts,,0.385,1.4,Ceramic_beads,,74,128,97,130,93,152,139,140,132,,101,1,0.5,Bayer-Haberkorn
G5,EfL_7,Eimeria,Unknown,14.15,14.29,0.409,1650000,1530000,399568.402,80720,Victor,ABI,E_falciformis,Oocysts,,0.385,1.4,Ceramic_beads,,74,128,97,130,93,152,139,140,132,,101,1,0.5,Bayer-Haberkorn
G6,EfL_7,Eimeria,Unknown,13.98,14.29,0.409,1850000,1530000,399568.402,80720,Victor,ABI,E_falciformis,Oocysts,,0.385,1.4,Ceramic_beads,,73.7,128,97,130,93,152,139,140,132,,101,1,0.5,Bayer-Haberkorn
G7,Efe139_A,Eimeria,Unknown,20.86,19.01,2.037,15764.95,105858.27,131694.206,80720,Victor,ABI,E_ferrisi,Oocysts,,1.34,2.4,Ceramic_beads,,74.2,3,3,3,1,0,0,2,3,,15,1,0.9,E139
G8,Efe139_A,Eimeria,Unknown,19.35,19.01,2.037,44811.77,105858.27,131694.206,80720,Victor,ABI,E_ferrisi,Oocysts,,1.34,2.4,Ceramic_beads,,74,3,3,3,1,0,0,2,3,,15,1,0.9,E139
G9,Efe139_A,Eimeria,Unknown,16.83,19.01,2.037,256998.09,105858.27,131694.206,80720,Victor,ABI,E_ferrisi,Oocysts,,1.34,2.4,Ceramic_beads,,73.7,3,3,3,1,0,0,2,3,,15,1,0.9,E139
H4,EfL_8,Eimeria,Unknown,14.5,14.41,0.075,1290000,1370000,70482.448,80720,Victor,ABI,E_falciformis,Oocysts,,0.155,,Ceramic_beads,,73.7,132,136,122,129,105,92,132,122,,97,1,0.5,Bayer-Haberkorn
H5,EfL_8,Eimeria,Unknown,14.38,14.41,0.075,1400000,1370000,70482.448,80720,Victor,ABI,E_falciformis,Oocysts,,0.155,,Ceramic_beads,,73.7,132,136,122,129,105,92,132,122,,97,1,0.5,Bayer-Haberkorn
H6,EfL_8,Eimeria,Unknown,14.36,14.41,0.075,1420000,1370000,70482.448,80720,Victor,ABI,E_falciformis,Oocysts,,0.155,,Ceramic_beads,,73.7,132,136,122,129,105,92,132,122,,97,1,0.5,Bayer-Haberkorn
H7,Efe139_B,Eimeria,Unknown,20.54,19.64,0.863,19704.8,41071.53,22659.571,80720,Victor,ABI,E_ferrisi,Oocysts,,23.75,39.5,Ceramic_beads,,74.6,1,0,3,1,0,1,3,2,,10,1,0.9,E139
H8,Efe139_B,Eimeria,Unknown,19.56,19.64,0.863,38676.16,41071.53,22659.571,80720,Victor,ABI,E_ferrisi,Oocysts,,23.75,39.5,Ceramic_beads,,74.4,1,0,3,1,0,1,3,2,,10,1,0.9,E139
H9,Efe139_B,Eimeria,Unknown,18.82,19.64,0.863,64833.63,41071.53,22659.571,80720,Victor,ABI,E_ferrisi,Oocysts,,23.75,39.5,Ceramic_beads,,74.4,1,0,3,1,0,1,3,2,,10,1,0.9,E139
D4,E_falciformis_09,Eimeria,Unknown,18.68,17.6,1.024,29658.89,68043.71,40205.284,220620,Victor,ABI,E_falciformis,Oocysts,,2.15,1.6,Glass_beads,,,14,16,20,19,15,11,18,16,,129,1,0.5,Bayer-Haberkorn
D5,E_falciformis_09,Eimeria,Unknown,17.47,17.6,1.024,64621.54,68043.71,40205.284,220620,Victor,ABI,E_falciformis,Oocysts,,2.15,1.6,Glass_beads,,,14,16,20,19,15,11,18,16,,129,1,0.5,Bayer-Haberkorn
D6,E_falciformis_09,Eimeria,Unknown,16.65,17.6,1.024,109850.7,68043.71,40205.284,220620,Victor,ABI,E_falciformis,Oocysts,,2.15,1.6,Glass_beads,,,14,16,20,19,15,11,18,16,,129,1,0.5,Bayer-Haberkorn
D4,E_falciformis_09,Eimeria,Unknown,10.33,11,0.607,1610000,1160000,397374.432,170620,Victor,ABI,E_falciformis,Oocysts,,2.15,1.6,Glass_beads,,,14,16,20,19,15,11,18,16,,129,1,0.5,Bayer-Haberkorn
D5,E_falciformis_09,Eimeria,Unknown,11.17,11,0.607,1020000,1160000,397374.432,170620,Victor,ABI,E_falciformis,Oocysts,,2.15,1.6,Glass_beads,,,14,16,20,19,15,11,18,16,,129,1,0.5,Bayer-Haberkorn
D6,E_falciformis_09,Eimeria,Unknown,11.5,11,0.607,850540.5,1160000,397374.432,170620,Victor,ABI,E_falciformis,Oocysts,,2.15,1.6,Glass_beads,,,14,16,20,19,15,11,18,16,,129,1,0.5,Bayer-Haberkorn
A4,E_falciformis_A,Eimeria,Unknown,14.84,13.9,1.018,352662.41,744809.2,489767.979,220620,Victor,ABI,E_falciformis,Oocysts,,4.62,4.4,Glass_beads,,,35,12,32,31,31,37,28,22,,228,10,0.1,Bayer-Haberkorn
A5,E_falciformis_A,Eimeria,Unknown,14.04,13.9,1.018,587982.69,744809.2,489767.979,220620,Victor,ABI,E_falciformis,Oocysts,,4.62,4.4,Glass_beads,,,35,12,32,31,31,37,28,22,,228,10,0.1,Bayer-Haberkorn
A6,E_falciformis_A,Eimeria,Unknown,12.81,13.9,1.018,1290000,744809.2,489767.979,220620,Victor,ABI,E_falciformis,Oocysts,,4.62,4.4,Glass_beads,,,35,12,32,31,31,37,28,22,,228,10,0.1,Bayer-Haberkorn
A4,E_falciformis_A,Eimeria,Unknown,13.43,10.6,2.604,300307.84,2320000,2270000,170620,Victor,ABI,E_falciformis,Oocysts,,4.62,4.4,Glass_beads,,,35,12,32,31,31,37,28,22,,228,10,0.1,Bayer-Haberkorn
A5,E_falciformis_A,Eimeria,Unknown,10.03,10.6,2.604,1880000,2320000,2270000,170620,Victor,ABI,E_falciformis,Oocysts,,4.62,4.4,Glass_beads,,,35,12,32,31,31,37,28,22,,228,10,0.1,Bayer-Haberkorn
A6,E_falciformis_A,Eimeria,Unknown,8.31,10.6,2.604,4770000,2320000,2270000,170620,Victor,ABI,E_falciformis,Oocysts,,4.62,4.4,Glass_beads,,,35,12,32,31,31,37,28,22,,228,10,0.1,Bayer-Haberkorn
B4,E_falciformis_B,Eimeria,Unknown,15.02,13.98,1.001,313880.78,697124.99,412701.631,220620,Victor,ABI,E_falciformis,Oocysts,,0.425,1.3,Glass_beads,,,5,4,5,4,2,3,7,6,,36,100,0.1,Bayer-Haberkorn
B5,E_falciformis_B,Eimeria,Unknown,13.9,13.98,1.001,643460.44,697124.99,412701.631,220620,Victor,ABI,E_falciformis,Oocysts,,0.425,1.3,Glass_beads,,,5,4,5,4,2,3,7,6,,36,100,0.1,Bayer-Haberkorn
B6,E_falciformis_B,Eimeria,Unknown,13.02,13.98,1.001,1130000,697124.99,412701.631,220620,Victor,ABI,E_falciformis,Oocysts,,0.425,1.3,Glass_beads,,,5,4,5,4,2,3,7,6,,36,100,0.1,Bayer-Haberkorn
B4,E_falciformis_B,Eimeria,Unknown,13.92,11.09,2.653,229962.64,1840000,1910000,170620,Victor,ABI,E_falciformis,Oocysts,,0.425,1.3,Glass_beads,,,5,4,5,4,2,3,7,6,,36,100,0.1,Bayer-Haberkorn
B5,E_falciformis_B,Eimeria,Unknown,10.67,11.09,2.653,1340000,1840000,1910000,170620,Victor,ABI,E_falciformis,Oocysts,,0.425,1.3,Glass_beads,,,5,4,5,4,2,3,7,6,,36,100,0.1,Bayer-Haberkorn
B6,E_falciformis_B,Eimeria,Unknown,8.67,11.09,2.653,3940000,1840000,1910000,170620,Victor,ABI,E_falciformis,Oocysts,,0.425,1.3,Glass_beads,,,5,4,5,4,2,3,7,6,,36,100,0.1,Bayer-Haberkorn
C4,E_falciformis_C,Eimeria,Unknown,16.61,15.24,1.315,112460.99,337680.67,250695.805,220620,Victor,ABI,E_falciformis,Oocysts,,0.413,1.2,Glass_beads,,,1,1,2,3,1,3,4,3,,18,100,0.1,Bayer-Haberkorn
C5,E_falciformis_C,Eimeria,Unknown,15.12,15.24,1.315,292793.03,337680.67,250695.805,220620,Victor,ABI,E_falciformis,Oocysts,,0.413,1.2,Glass_beads,,,1,1,2,3,1,3,4,3,,18,100,0.1,Bayer-Haberkorn
C6,E_falciformis_C,Eimeria,Unknown,13.99,15.24,1.315,607788,337680.67,250695.805,220620,Victor,ABI,E_falciformis,Oocysts,,0.413,1.2,Glass_beads,,,1,1,2,3,1,3,4,3,,18,100,0.1,Bayer-Haberkorn
C4,E_falciformis_C,Eimeria,Unknown,14.53,12.66,1.872,165670.38,632334.32,559242.178,170620,Victor,ABI,E_falciformis,Oocysts,,0.413,1.2,Glass_beads,,,1,1,2,3,1,3,4,3,,18,100,0.1,Bayer-Haberkorn
C5,E_falciformis_C,Eimeria,Unknown,12.57,12.66,1.872,479116.97,632334.32,559242.178,170620,Victor,ABI,E_falciformis,Oocysts,,0.413,1.2,Glass_beads,,,1,1,2,3,1,3,4,3,,18,100,0.1,Bayer-Haberkorn
C6,E_falciformis_C,Eimeria,Unknown,10.79,12.66,1.872,1250000,632334.32,559242.178,170620,Victor,ABI,E_falciformis,Oocysts,,0.413,1.2,Glass_beads,,,1,1,2,3,1,3,4,3,,18,100,0.1,Bayer-Haberkorn
A4,E_falciformis_PB_01,Eimeria,Unknown,16.33,15.91,0.532,158764.66,231924.74,100590.233,300620,Victor,ABI,E_falciformis,Feces,1.17,57.3,113.8,Ceramic_beads,3.22,,,,,,,,,,1115000,,,,Bayer-Haberkorn
A5,E_falciformis_PB_01,Eimeria,Unknown,16.09,15.91,0.532,190376.06,231924.74,100590.233,300620,Victor,ABI,E_falciformis,Feces,1.17,57.3,113.8,Ceramic_beads,3.22,,,,,,,,,,1115000,,,,Bayer-Haberkorn
A6,E_falciformis_PB_01,Eimeria,Unknown,15.31,15.91,0.532,346633.5,231924.74,100590.233,300620,Victor,ABI,E_falciformis,Feces,1.17,57.3,113.8,Ceramic_beads,3.22,,,,,,,,,,1115000,,,,Bayer-Haberkorn
A7,E_falciformis_GB_01,Eimeria,Unknown,16.98,16.47,0.763,96439.56,160748.39,102651.78,300620,Victor,ABI,E_falciformis,Feces,1.16,81.6,129.4,Glass_beads,2.21,,,,,,,,,,1115000,,,,Bayer-Haberkorn
A8,E_falciformis_GB_01,Eimeria,Unknown,16.84,16.47,0.763,106672.47,160748.39,102651.78,300620,Victor,ABI,E_falciformis,Feces,1.16,81.6,129.4,Glass_beads,2.21,,,,,,,,,,1115000,,,,Bayer-Haberkorn
A9,E_falciformis_GB_01,Eimeria,Unknown,15.59,16.47,0.763,279133.13,160748.39,102651.78,300620,Victor,ABI,E_falciformis,Feces,1.16,81.6,129.4,Glass_beads,2.21,,,,,,,,,,1115000,,,,Bayer-Haberkorn
B4,E_falciformis_PB_02,Eimeria,Unknown,20.42,20.21,0.383,6850.25,8263.6,2595.707,300620,Victor,ABI,E_falciformis,Feces,1.15,59,96.5,Ceramic_beads,3.12,,,,,,,,,,111500,,,,Bayer-Haberkorn
B5,E_falciformis_PB_02,Eimeria,Unknown,20.45,20.21,0.383,6681.28,8263.6,2595.707,300620,Victor,ABI,E_falciformis,Feces,1.15,59,96.5,Ceramic_beads,3.12,,,,,,,,,,111500,,,,Bayer-Haberkorn
B6,E_falciformis_PB_02,Eimeria,Unknown,19.77,20.21,0.383,11259.28,8263.6,2595.707,300620,Victor,ABI,E_falciformis,Feces,1.15,59,96.5,Ceramic_beads,3.12,,,,,,,,,,111500,,,,Bayer-Haberkorn
B7,E_falciformis_GB_02,Eimeria,Unknown,21.93,21.35,1.12,2132.92,4351.05,4018.452,300620,Victor,ABI,E_falciformis,Feces,1.2,35.9,56.2,Glass_beads,2.21,,,,,,,,,,111500,,,,Bayer-Haberkorn
B8,E_falciformis_GB_02,Eimeria,Unknown,22.06,21.35,1.12,1930.56,4351.05,4018.452,300620,Victor,ABI,E_falciformis,Feces,1.2,35.9,56.2,Glass_beads,2.21,,,,,,,,,,111500,,,,Bayer-Haberkorn
B9,E_falciformis_GB_02,Eimeria,Unknown,20.06,21.35,1.12,8989.69,4351.05,4018.452,300620,Victor,ABI,E_falciformis,Feces,1.2,35.9,56.2,Glass_beads,2.21,,,,,,,,,,111500,,,,Bayer-Haberkorn
C4,E_falciformis_PB_03,Eimeria,Unknown,24.41,24.23,0.253,317.11,369.37,74.852,300620,Victor,ABI,E_falciformis,Feces,1.21,48.9,89.9,Ceramic_beads,3.08,,,,,,,,,,11150,,,,Bayer-Haberkorn
C5,E_falciformis_PB_03,Eimeria,Unknown,24.34,24.23,0.253,335.89,369.37,74.852,300620,Victor,ABI,E_falciformis,Feces,1.21,48.9,89.9,Ceramic_beads,3.08,,,,,,,,,,11150,,,,Bayer-Haberkorn
C6,E_falciformis_PB_03,Eimeria,Unknown,23.94,24.23,0.253,455.12,369.37,74.852,300620,Victor,ABI,E_falciformis,Feces,1.21,48.9,89.9,Ceramic_beads,3.08,,,,,,,,,,11150,,,,Bayer-Haberkorn
C7,E_falciformis_GB_03,Eimeria,Unknown,30.27,29.91,1.075,3.53,5.92,5.119,300620,Victor,ABI,E_falciformis,Feces,1.3,8.5,0,Glass_beads,2.42,,,,,,,,,,11150,,,,Bayer-Haberkorn
C8,E_falciformis_GB_03,Eimeria,Unknown,30.75,29.91,1.075,2.42,5.92,5.119,300620,Victor,ABI,E_falciformis,Feces,1.3,8.5,0,Glass_beads,2.42,,,,,,,,,,11150,,,,Bayer-Haberkorn
C9,E_falciformis_GB_03,Eimeria,Unknown,28.7,29.91,1.075,11.79,5.92,5.119,300620,Victor,ABI,E_falciformis,Feces,1.3,8.5,0,Glass_beads,2.42,,,,,,,,,,11150,,,,Bayer-Haberkorn
D4,E_falciformis_PB_04,Eimeria,Unknown,26.79,26.67,0.473,51.15,58.79,22.294,300620,Victor,ABI,E_falciformis,Feces,1.11,85.9,148.1,Ceramic_beads,3.06,,,,,,,,,,1115,,,,Bayer-Haberkorn
D5,E_falciformis_PB_04,Eimeria,Unknown,27.07,26.67,0.473,41.31,58.79,22.294,300620,Victor,ABI,E_falciformis,Feces,1.11,85.9,148.1,Ceramic_beads,3.06,,,,,,,,,,1115,,,,Bayer-Haberkorn
D6,E_falciformis_PB_04,Eimeria,Unknown,26.14,26.67,0.473,83.89,58.79,22.294,300620,Victor,ABI,E_falciformis,Feces,1.11,85.9,148.1,Ceramic_beads,3.06,,,,,,,,,,1115,,,,Bayer-Haberkorn
D7,E_falciformis_GB_04,Eimeria,Unknown,24.64,24.39,0.813,265.82,369.56,244.147,300620,Victor,ABI,E_falciformis,Feces,1.14,41.3,63.8,Glass_beads,2.46,,,,,,,,,,1115,,,,Bayer-Haberkorn
D8,E_falciformis_GB_04,Eimeria,Unknown,25.05,24.39,0.813,194.41,369.56,244.147,300620,Victor,ABI,E_falciformis,Feces,1.14,41.3,63.8,Glass_beads,2.46,,,,,,,,,,1115,,,,Bayer-Haberkorn
D9,E_falciformis_GB_04,Eimeria,Unknown,23.48,24.39,0.813,648.45,369.56,244.147,300620,Victor,ABI,E_falciformis,Feces,1.14,41.3,63.8,Glass_beads,2.46,,,,,,,,,,1115,,,,Bayer-Haberkorn
E4,E_falciformis_PB_05,Eimeria,Unknown,25.44,25.37,0.284,144.5,154.9,34.888,300620,Victor,ABI,E_falciformis,Feces,1.25,23.1,39.4,Ceramic_beads,3.1,,,,,,,,,,5575,,,,Bayer-Haberkorn
E5,E_falciformis_PB_05,Eimeria,Unknown,25.61,25.37,0.284,126.4,154.9,34.888,300620,Victor,ABI,E_falciformis,Feces,1.25,23.1,39.4,Ceramic_beads,3.1,,,,,,,,,,5575,,,,Bayer-Haberkorn
E6,E_falciformis_PB_05,Eimeria,Unknown,25.05,25.37,0.284,193.81,154.9,34.888,300620,Victor,ABI,E_falciformis,Feces,1.25,23.1,39.4,Ceramic_beads,3.1,,,,,,,,,,5575,,,,Bayer-Haberkorn
E7,E_falciformis_GB_05,Eimeria,Unknown,24.68,24.14,0.975,257.63,477.78,389.114,300620,Victor,ABI,E_falciformis,Feces,1.16,38.2,63.5,Glass_beads,2.52,,,,,,,,,,5575,,,,Bayer-Haberkorn
E8,E_falciformis_GB_05,Eimeria,Unknown,24.73,24.14,0.975,248.65,477.78,389.114,300620,Victor,ABI,E_falciformis,Feces,1.16,38.2,63.5,Glass_beads,2.52,,,,,,,,,,5575,,,,Bayer-Haberkorn
E9,E_falciformis_GB_05,Eimeria,Unknown,23.02,24.14,0.975,927.06,477.78,389.114,300620,Victor,ABI,E_falciformis,Feces,1.16,38.2,63.5,Glass_beads,2.52,,,,,,,,,,5575,,,,Bayer-Haberkorn
F4,E_falciformis_PB_06,Eimeria,Unknown,27.19,27.17,0.176,37.59,38.52,5.276,300620,Victor,ABI,E_falciformis,Feces,1.23,64,106.4,Ceramic_beads,3.12,,,,,,,,,,558,,,,Bayer-Haberkorn
F5,E_falciformis_PB_06,Eimeria,Unknown,27.33,27.17,0.176,33.76,38.52,5.276,300620,Victor,ABI,E_falciformis,Feces,1.23,64,106.4,Ceramic_beads,3.12,,,,,,,,,,558,,,,Bayer-Haberkorn
F6,E_falciformis_PB_06,Eimeria,Unknown,26.98,27.17,0.176,44.19,38.52,5.276,300620,Victor,ABI,E_falciformis,Feces,1.23,64,106.4,Ceramic_beads,3.12,,,,,,,,,,558,,,,Bayer-Haberkorn
F7,E_falciformis_GB_06,Eimeria,Unknown,25.77,25.25,0.862,112,194.9,140.858,300620,Victor,ABI,E_falciformis,Feces,1.16,42.1,69.7,Glass_beads,2.33,,,,,,,,,,558,,,,Bayer-Haberkorn
F8,E_falciformis_GB_06,Eimeria,Unknown,25.73,25.25,0.862,115.17,194.9,140.858,300620,Victor,ABI,E_falciformis,Feces,1.16,42.1,69.7,Glass_beads,2.33,,,,,,,,,,558,,,,Bayer-Haberkorn
F9,E_falciformis_GB_06,Eimeria,Unknown,24.26,25.25,0.862,357.54,194.9,140.858,300620,Victor,ABI,E_falciformis,Feces,1.16,42.1,69.7,Glass_beads,2.33,,,,,,,,,,558,,,,Bayer-Haberkorn
G4,E_falciformis_PB_07,Eimeria,Unknown,29.94,29.19,0.661,4.54,8.72,3.774,300620,Victor,ABI,E_falciformis,Feces,1.21,40.7,73.6,Ceramic_beads,3.06,,,,,,,,,,56,,,,Bayer-Haberkorn
G5,E_falciformis_PB_07,Eimeria,Unknown,28.94,29.19,0.661,9.75,8.72,3.774,300620,Victor,ABI,E_falciformis,Feces,1.21,40.7,73.6,Ceramic_beads,3.06,,,,,,,,,,56,,,,Bayer-Haberkorn
G6,E_falciformis_PB_07,Eimeria,Unknown,28.69,29.19,0.661,11.87,8.72,3.774,300620,Victor,ABI,E_falciformis,Feces,1.21,40.7,73.6,Ceramic_beads,3.06,,,,,,,,,,56,,,,Bayer-Haberkorn
G7,E_falciformis_GB_07,Eimeria,Unknown,30.01,29.87,0.579,4.29,5.1,2.363,300620,Victor,ABI,E_falciformis,Feces,1.24,28.4,114,Glass_beads,2.47,,,,,,,,,,56,,,,Bayer-Haberkorn
G8,E_falciformis_GB_07,Eimeria,Unknown,29.24,29.87,0.579,7.76,5.1,2.363,300620,Victor,ABI,E_falciformis,Feces,1.24,28.4,114,Glass_beads,2.47,,,,,,,,,,56,,,,Bayer-Haberkorn
G9,E_falciformis_GB_07,Eimeria,Unknown,30.37,29.87,0.579,3.25,5.1,2.363,300620,Victor,ABI,E_falciformis,Feces,1.24,28.4,114,Glass_beads,2.47,,,,,,,,,,56,,,,Bayer-Haberkorn
H4,E_falciformis_PB_08,Eimeria,Unknown,32.28,32.11,0.428,0.753,0.887,0.309,300620,Victor,ABI,E_falciformis,Feces,1.27,69.6,109.7,Ceramic_beads,3.05,,,,,,,,,,0,,,,Bayer-Haberkorn
H5,E_falciformis_PB_08,Eimeria,Unknown,31.63,32.11,0.428,1.24,0.887,0.309,300620,Victor,ABI,E_falciformis,Feces,1.27,69.6,109.7,Ceramic_beads,3.05,,,,,,,,,,0,,,,Bayer-Haberkorn
H6,E_falciformis_PB_08,Eimeria,Unknown,32.43,32.11,0.428,0.667,0.887,0.309,300620,Victor,ABI,E_falciformis,Feces,1.27,69.6,109.7,Ceramic_beads,3.05,,,,,,,,,,0,,,,Bayer-Haberkorn
H7,E_falciformis_GB_08,Eimeria,Unknown,31.01,30.8,0.3,1.99,2.37,0.541,300620,Victor,ABI,E_falciformis,Feces,1.29,14.8,1.2,Glass_beads,2.4,,,,,,,,,,0,,,,Bayer-Haberkorn
H8,E_falciformis_GB_08,Eimeria,Unknown,30.59,30.8,0.3,2.75,2.37,0.541,300620,Victor,ABI,E_falciformis,Feces,1.29,14.8,1.2,Glass_beads,2.4,,,,,,,,,,0,,,,Bayer-Haberkorn
H9,E_falciformis_GB_08,Eimeria,Unknown,,,,,,,300620,Victor,ABI,E_falciformis,water,1.29,14.8,1.2,Glass_beads,2.4,,,,,,,,,,0,,,,Bayer-Haberkorn
B4,E_falciformis_09,Eimeria,Unknown,12.55,11.72,0.91,240757,442000,249000,120320,Victor,Eppendorf,E_falciformis,Oocysts,,2.15,1.6,Glass_beads,,,14,16,20,19,15,11,18,16,80000,129,1,0.5,Bayer-Haberkorn
B5,E_falciformis_09,Eimeria,Unknown,11.87,11.72,0.91,363518,442000,249000,120320,Victor,Eppendorf,E_falciformis,Oocysts,,2.15,1.6,Glass_beads,,,14,16,20,19,15,11,18,16,80000,129,1,0.5,Bayer-Haberkorn
B6,E_falciformis_09,Eimeria,Unknown,10.74,11.72,0.91,720937,442000,249000,120320,Victor,Eppendorf,E_falciformis,Oocysts,,2.15,1.6,Glass_beads,,,14,16,20,19,15,11,18,16,80000,129,1,0.5,Bayer-Haberkorn
